patient_id,age,prior_admissions_12mo,los_days,n_medications,charlson_index,high_risk_med,emergency_adm,n_diagnoses,n_procedures,gender,insurance,race,period,estimated_risk
REF-0001,51,0,4.4,2,5,0,1,9,0,M,Other,Other/Unknown,reference,0.28500000000000003
REF-0002,38,1,1.4,3,2,0,0,8,1,F,Other,White,reference,0.279
REF-0003,71,1,3.9,12,1,0,1,6,1,F,Private,Other/Unknown,reference,0.3544999999999999
REF-0004,68,0,9.0,1,1,0,0,12,1,M,Medicaid,Other/Unknown,reference,0.22000000000000003
REF-0005,45,0,5.4,3,1,0,1,11,1,F,Other,White,reference,0.234
REF-0006,47,0,2.0,4,0,0,1,7,7,M,Private,Asian,reference,0.206
REF-0007,33,3,4.6,9,5,0,0,8,4,M,Other,Other/Unknown,reference,0.524
REF-0008,79,2,3.1,12,6,1,0,3,3,M,Medicaid,Hispanic,reference,0.5515
REF-0009,54,2,8.6,9,6,1,1,4,6,M,Other,Asian,reference,0.569
REF-0010,84,2,6.7,13,1,0,1,6,6,F,Private,Other/Unknown,reference,0.4785
REF-0011,53,1,11.8,9,2,1,1,11,0,F,Other,Asian,reference,0.44499999999999995
REF-0012,52,0,4.9,12,5,1,0,4,7,M,Other,Other/Unknown,reference,0.3575
REF-0013,72,0,7.7,14,6,1,1,6,7,F,Medicaid,White,reference,0.4385
REF-0014,53,3,1.2,7,6,0,1,12,5,F,Other,Black/AA,reference,0.544
REF-0015,67,0,5.4,6,7,1,1,13,4,F,Other,Asian,reference,0.4
REF-0016,34,0,5.5,6,1,1,1,6,4,M,Medicaid,Hispanic,reference,0.3065
REF-0017,70,3,4.6,11,5,0,1,10,3,M,Other,White,reference,0.5720000000000001
REF-0018,43,3,8.1,11,7,0,1,3,1,M,Medicaid,Hispanic,reference,0.6095
REF-0019,43,1,9.6,3,7,0,1,9,2,M,Medicaid,Black/AA,reference,0.42499999999999993
REF-0020,37,0,1.9,14,7,0,1,4,2,M,Medicare,White,reference,0.35050000000000003
REF-0021,73,2,2.8,3,1,0,0,5,6,M,Medicare,Hispanic,reference,0.36700000000000005
REF-0022,32,3,9.5,13,0,0,1,10,0,F,Medicare,Other/Unknown,reference,0.5195
REF-0023,35,2,4.4,1,7,0,0,2,6,M,Private,Asian,reference,0.441
REF-0024,45,1,2.4,2,2,0,0,8,6,M,Other,Asian,reference,0.28
REF-0025,82,3,1.3,11,5,0,0,12,1,M,Other,Hispanic,reference,0.5495000000000001
REF-0026,82,0,7.1,11,1,0,0,14,5,M,Medicare,Other/Unknown,reference,0.27849999999999997
REF-0027,42,0,1.2,9,7,0,0,9,3,F,Other,Hispanic,reference,0.29700000000000004
REF-0028,78,3,14.1,5,1,0,0,6,7,F,Other,White,reference,0.5215000000000001
REF-0029,55,0,7.7,5,4,0,1,7,2,F,Other,Asian,reference,0.2985
REF-0030,31,3,12.6,6,6,0,1,2,4,F,Medicare,Asian,reference,0.5970000000000001
REF-0031,70,3,3.1,8,4,0,1,12,1,M,Medicare,Black/AA,reference,0.5375000000000001
REF-0032,82,1,9.0,10,2,0,0,11,0,M,Medicare,Asian,reference,0.3789999999999999
REF-0033,47,0,3.8,12,6,0,0,3,1,M,Other,White,reference,0.307
REF-0034,79,2,2.8,13,6,1,1,4,1,M,Medicaid,White,reference,0.5840000000000001
REF-0035,33,3,1.4,1,1,0,0,3,6,M,Private,Hispanic,reference,0.41600000000000004
REF-0036,78,1,3.9,9,7,0,1,11,1,M,Medicare,White,reference,0.4465
REF-0037,53,3,2.1,6,1,1,0,10,2,F,Private,Asian,reference,0.49950000000000006
REF-0038,77,3,2.7,2,1,1,0,5,5,F,Medicare,Black/AA,reference,0.5105000000000001
REF-0039,84,2,2.5,5,4,0,0,4,4,F,Medicare,Black/AA,reference,0.4405
REF-0040,68,2,12.5,10,4,0,1,2,3,M,Other,Black/AA,reference,0.5085
REF-0041,48,1,11.6,11,1,0,0,2,6,F,Medicaid,Hispanic,reference,0.347
REF-0042,57,0,4.6,9,7,0,0,8,7,F,Medicare,White,reference,0.31399999999999995
REF-0043,52,2,2.8,8,7,0,0,14,7,F,Medicaid,Hispanic,reference,0.46099999999999997
REF-0044,39,1,1.3,4,4,0,0,2,4,F,Private,White,reference,0.3125
REF-0045,41,2,1.8,2,7,1,0,4,2,M,Private,Black/AA,reference,0.492
REF-0046,52,1,2.5,11,1,0,0,13,3,F,Medicaid,Other/Unknown,reference,0.3015
REF-0047,74,0,4.2,5,2,0,0,11,7,M,Other,White,reference,0.239
REF-0048,58,1,6.6,9,3,1,0,14,5,F,Medicare,Black/AA,reference,0.40399999999999997
REF-0049,81,1,13.6,7,7,0,0,14,2,M,Medicaid,Asian,reference,0.46299999999999997
REF-0050,60,0,3.4,8,4,0,0,10,6,M,Medicaid,Black/AA,reference,0.259
REF-0051,59,0,1.3,8,6,0,1,3,6,F,Private,White,reference,0.3085
REF-0052,31,3,2.7,5,2,0,1,10,0,M,Other,Hispanic,reference,0.48350000000000004
REF-0053,74,0,7.2,2,1,0,1,10,3,M,Medicare,Hispanic,reference,0.257
REF-0054,74,2,1.1,13,4,0,0,4,5,M,Other,Black/AA,reference,0.4455
REF-0055,74,2,2.8,3,4,0,0,9,2,F,Medicaid,Asian,reference,0.41400000000000003
REF-0056,49,2,1.6,4,0,0,1,6,2,M,Private,Asian,reference,0.364
REF-0057,43,2,1.6,8,6,0,1,13,3,F,Private,Asian,reference,0.4700000000000001
REF-0058,43,0,4.3,1,4,0,1,7,1,F,Private,Other/Unknown,reference,0.26549999999999996
REF-0059,53,0,2.3,8,0,0,0,8,0,F,Other,Asian,reference,0.1935
REF-0060,83,0,16.0,13,1,1,0,9,0,F,Other,Asian,reference,0.393
REF-0061,56,1,2.0,8,1,0,1,11,5,M,Other,Hispanic,reference,0.31700000000000006
REF-0062,55,2,4.3,8,7,0,1,14,7,M,Medicaid,Black/AA,reference,0.49850000000000005
REF-0063,70,1,6.6,8,5,1,0,10,3,M,Other,Asian,reference,0.44
REF-0064,43,2,7.1,9,0,0,0,5,4,M,Medicaid,White,reference,0.38149999999999995
REF-0065,66,2,4.1,5,0,0,0,3,2,F,Medicaid,White,reference,0.35250000000000004
REF-0066,76,2,8.8,8,0,0,0,7,1,M,Medicaid,Other/Unknown,reference,0.40800000000000003
REF-0067,67,1,1.5,4,1,0,1,9,2,M,Medicare,Black/AA,reference,0.3025
REF-0068,54,2,2.5,6,2,1,0,5,2,M,Medicaid,Asian,reference,0.43650000000000005
REF-0069,71,0,1.1,7,1,0,1,11,6,M,Medicaid,Other/Unknown,reference,0.2405
REF-0070,59,0,1.4,9,5,0,1,8,5,M,Medicare,Asian,reference,0.29800000000000004
REF-0071,75,3,1.1,14,4,0,1,12,6,F,Private,Black/AA,reference,0.5615000000000001
REF-0072,81,3,1.1,14,2,0,1,7,6,M,Medicare,Other/Unknown,reference,0.5435
REF-0073,40,0,9.7,2,6,0,0,3,7,M,Medicaid,White,reference,0.2965
REF-0074,37,0,3.2,1,7,0,1,5,4,M,Medicare,Other/Unknown,reference,0.30499999999999994
REF-0075,70,2,6.3,14,2,0,0,4,3,M,Medicaid,Hispanic,reference,0.43750000000000006
REF-0076,77,3,11.7,6,7,1,1,14,1,M,Medicaid,Black/AA,reference,0.6915
REF-0077,60,0,2.8,7,1,0,1,8,2,M,Medicaid,Black/AA,reference,0.237
REF-0078,69,1,2.1,7,0,0,1,13,0,F,Medicaid,Black/AA,reference,0.3065
REF-0079,70,0,5.5,8,0,1,0,6,1,M,Other,Other/Unknown,reference,0.27949999999999997
REF-0080,81,0,2.8,9,3,0,1,11,4,M,Medicare,Hispanic,reference,0.30699999999999994
REF-0081,75,2,3.6,7,4,1,0,9,2,M,Medicare,Other/Unknown,reference,0.49600000000000005
REF-0082,35,3,2.6,4,6,0,1,2,7,M,Medicaid,Black/AA,reference,0.539
REF-0083,83,1,2.9,5,0,1,1,5,6,F,Other,Black/AA,reference,0.39050000000000007
REF-0084,81,0,6.2,8,7,0,0,6,5,F,Medicaid,Other/Unknown,reference,0.35
REF-0085,39,1,4.0,10,6,0,0,8,0,F,Other,Hispanic,reference,0.37999999999999995
REF-0086,72,0,3.4,2,1,0,0,2,6,F,Private,Other/Unknown,reference,0.20400000000000001
REF-0087,49,0,2.9,14,3,1,1,8,2,F,Medicaid,Other/Unknown,reference,0.3554999999999999
REF-0088,53,0,1.1,13,6,0,1,13,5,F,Medicare,Hispanic,reference,0.3275
REF-0089,55,1,5.6,1,1,0,0,9,3,M,Other,Other/Unknown,reference,0.277
REF-0090,44,2,5.5,14,3,0,1,14,7,F,Private,White,reference,0.4685
REF-0091,42,3,3.7,5,2,0,1,6,4,M,Private,Black/AA,reference,0.48850000000000005
REF-0092,33,1,7.3,9,0,0,1,2,0,F,Medicaid,White,reference,0.3325
REF-0093,51,3,7.6,4,1,0,0,6,5,M,Medicaid,Hispanic,reference,0.459
REF-0094,38,2,4.8,2,2,0,1,8,7,M,Private,Other/Unknown,reference,0.402
REF-0095,66,3,6.1,5,2,0,1,6,1,F,Other,Other/Unknown,reference,0.5025000000000001
REF-0096,43,1,1.5,10,4,0,1,2,4,F,Medicaid,White,reference,0.36749999999999994
REF-0097,73,3,8.3,6,7,1,1,14,2,F,Private,Hispanic,reference,0.6665000000000001
REF-0098,46,3,2.0,1,4,0,1,5,5,M,Medicaid,Asian,reference,0.494
REF-0099,48,1,4.1,10,4,0,1,5,4,M,Other,Black/AA,reference,0.38049999999999995
REF-0100,58,0,6.7,13,2,0,0,2,4,F,Other,Hispanic,reference,0.2655
REF-0101,31,0,4.4,1,1,0,0,3,5,F,Other,Hispanic,reference,0.191
REF-0102,64,3,2.6,9,4,0,1,12,0,F,Private,Black/AA,reference,0.529
REF-0103,38,3,2.0,7,3,1,1,11,5,M,Medicare,Asian,reference,0.5630000000000001
REF-0104,35,1,7.6,13,0,0,0,4,1,F,Private,Asian,reference,0.31999999999999995
REF-0105,41,1,2.3,10,0,0,1,13,0,F,Private,Other/Unknown,reference,0.3115
REF-0106,82,1,4.2,11,1,0,1,8,6,F,Private,Hispanic,reference,0.374
REF-0107,46,2,13.8,9,7,1,1,2,1,F,Medicaid,White,reference,0.6100000000000001
REF-0108,45,1,16.4,3,6,0,1,8,7,M,Medicare,Hispanic,reference,0.44399999999999995
REF-0109,71,0,4.1,6,7,1,1,3,4,M,Medicaid,Other/Unknown,reference,0.40149999999999997
REF-0110,61,0,4.9,6,2,0,0,3,1,F,Other,Black/AA,reference,0.22849999999999998
REF-0111,60,2,1.7,5,1,1,0,14,2,M,Private,White,reference,0.41350000000000003
REF-0112,33,3,3.3,13,0,1,1,3,4,F,Private,Black/AA,reference,0.5485
REF-0113,55,2,1.3,4,6,0,0,13,7,M,Medicare,Hispanic,reference,0.4225
REF-0114,75,3,1.8,1,0,0,0,13,6,M,Other,Hispanic,reference,0.42300000000000004
REF-0115,33,1,4.1,4,3,0,1,11,2,F,Medicaid,White,reference,0.3415
REF-0116,38,3,2.1,13,4,0,0,3,0,M,Medicaid,White,reference,0.5125000000000001
REF-0117,61,0,1.4,5,6,0,1,6,5,M,Medicare,Other/Unknown,reference,0.29700000000000004
REF-0118,62,1,4.7,11,4,0,0,2,7,M,Medicaid,White,reference,0.3575
REF-0119,57,0,5.2,9,4,0,0,8,7,M,Other,Black/AA,reference,0.272
REF-0120,43,2,2.2,8,6,0,0,6,7,F,Medicaid,Hispanic,reference,0.44300000000000006
REF-0121,40,2,3.5,5,0,1,0,3,0,F,Other,Asian,reference,0.40750000000000003
REF-0122,36,0,5.1,3,6,0,0,3,0,M,Medicare,Asian,reference,0.27749999999999997
REF-0123,76,2,5.4,1,6,0,0,8,2,F,Private,White,reference,0.45300000000000007
REF-0124,82,0,2.4,9,3,0,0,7,3,M,Medicare,Black/AA,reference,0.277
REF-0125,68,2,8.6,12,4,1,1,13,4,F,Private,Black/AA,reference,0.5569999999999999
REF-0126,66,2,2.3,11,2,0,0,12,0,F,Other,White,reference,0.3975
REF-0127,35,1,2.7,14,6,0,1,7,4,M,Medicare,White,reference,0.4195
REF-0128,70,3,5.6,12,7,0,1,9,6,F,Medicare,Asian,reference,0.6110000000000001
REF-0129,50,2,5.6,5,0,1,1,4,2,F,Other,Black/AA,reference,0.44799999999999995
REF-0130,57,3,1.3,4,1,0,1,6,6,F,Other,Other/Unknown,reference,0.4575
REF-0131,61,0,4.8,13,7,0,1,14,7,F,Other,Asian,reference,0.361
REF-0132,58,3,1.9,8,5,0,1,12,5,F,Other,Other/Unknown,reference,0.5365000000000001
REF-0133,57,3,2.8,12,0,0,0,2,4,F,Private,Other/Unknown,reference,0.452
REF-0134,55,2,2.2,6,2,1,0,3,2,M,Medicare,Black/AA,reference,0.435
REF-0135,80,2,2.9,5,1,0,1,12,5,M,Other,Hispanic,reference,0.4195000000000001
REF-0136,38,3,13.6,13,7,0,0,12,4,F,Private,Asian,reference,0.6150000000000001
REF-0137,58,0,9.0,13,4,0,1,6,0,F,Private,Black/AA,reference,0.33699999999999997
REF-0138,57,0,5.4,7,6,0,1,5,0,F,Medicaid,White,reference,0.32500000000000007
REF-0139,63,1,4.0,8,4,0,0,11,7,M,Medicaid,Hispanic,reference,0.34199999999999997
REF-0140,68,3,3.2,1,2,1,0,8,4,F,Medicare,Asian,reference,0.506
REF-0141,43,2,3.5,5,3,1,1,7,5,M,Other,Black/AA,reference,0.48250000000000004
REF-0142,30,2,9.9,8,3,0,0,12,2,F,Other,Other/Unknown,reference,0.4365
REF-0143,81,0,2.2,6,0,0,1,11,1,M,Medicare,Asian,reference,0.247
REF-0144,54,3,1.5,5,1,0,0,7,5,F,Other,Asian,reference,0.43250000000000005
REF-0145,77,0,2.1,11,7,1,1,14,7,F,Other,Hispanic,reference,0.4235
REF-0146,52,3,1.5,10,5,1,1,11,3,F,Other,Black/AA,reference,0.6025
REF-0147,73,2,4.5,5,7,0,0,6,6,M,Medicaid,White,reference,0.47350000000000003
REF-0148,57,1,11.7,3,4,0,0,12,7,F,Medicaid,Black/AA,reference,0.3605
REF-0149,62,3,2.8,3,3,0,1,2,2,F,Medicare,Other/Unknown,reference,0.491
REF-0150,34,2,7.9,7,4,0,1,10,1,M,Private,Black/AA,reference,0.4675
REF-0151,43,3,2.2,10,5,0,0,5,6,M,Medicaid,Other/Unknown,reference,0.516
REF-0152,78,1,4.1,11,0,0,0,10,1,M,Medicare,Other/Unknown,reference,0.3205
REF-0153,51,2,5.2,13,7,0,0,8,0,F,Medicare,Black/AA,reference,0.493
REF-0154,76,2,3.9,6,4,0,0,5,3,F,Private,White,reference,0.43550000000000005
REF-0155,70,2,4.0,5,4,0,1,8,3,M,Private,Black/AA,reference,0.45000000000000007
REF-0156,57,0,5.7,7,5,0,0,11,4,F,Medicaid,White,reference,0.28150000000000003
REF-0157,34,2,1.7,11,5,1,0,4,2,M,Private,White,reference,0.4975
REF-0158,82,1,7.1,6,1,0,1,14,6,F,Private,White,reference,0.36850000000000005
REF-0159,81,1,10.5,12,5,0,1,11,6,F,Private,White,reference,0.4675
REF-0160,55,2,4.0,13,2,0,0,4,0,M,Medicaid,Black/AA,reference,0.412
REF-0161,75,0,2.2,14,1,0,0,7,0,M,Private,Hispanic,reference,0.252
REF-0162,58,3,2.0,12,5,1,0,7,6,F,Medicaid,White,reference,0.583
REF-0163,38,1,9.9,13,0,0,0,2,2,F,Medicaid,Hispanic,reference,0.33149999999999996
REF-0164,55,3,7.5,3,2,0,1,11,2,F,Private,White,reference,0.49950000000000006
REF-0165,41,3,5.1,7,6,1,1,12,3,F,Medicare,Other/Unknown,reference,0.6235000000000002
REF-0166,42,0,9.3,11,0,0,0,3,7,F,Private,Asian,reference,0.2405
REF-0167,58,2,6.7,7,5,0,1,9,2,M,Medicare,Hispanic,reference,0.47650000000000003
REF-0168,81,2,6.7,7,0,0,1,12,2,F,Medicare,Other/Unknown,reference,0.4335000000000001
REF-0169,38,0,3.7,9,2,0,0,3,2,F,Medicare,Hispanic,reference,0.2345
REF-0170,36,3,3.9,2,1,1,0,6,1,F,Private,Hispanic,reference,0.49250000000000005
REF-0171,61,3,2.3,8,6,1,0,4,7,F,Other,White,reference,0.5835000000000001
REF-0172,61,2,1.9,9,4,0,0,10,0,M,Private,White,reference,0.4155
REF-0173,54,2,1.6,4,1,0,0,12,1,F,Medicare,White,reference,0.34900000000000003
REF-0174,32,0,7.9,13,3,1,0,2,4,M,Other,Hispanic,reference,0.3465
REF-0175,44,1,12.6,11,2,0,1,13,7,F,Other,Other/Unknown,reference,0.3969999999999999
REF-0176,70,0,4.2,7,6,0,1,12,6,M,Private,Hispanic,reference,0.32900000000000007
REF-0177,41,3,5.9,5,5,0,1,8,2,F,Medicare,White,reference,0.5445000000000001
REF-0178,73,1,10.1,7,6,1,0,5,7,M,Private,White,reference,0.4745
REF-0179,34,3,2.5,9,3,0,0,7,2,F,Other,Black/AA,reference,0.48350000000000004
REF-0180,81,1,4.5,10,1,0,1,11,5,F,Medicare,Black/AA,reference,0.36950000000000005
REF-0181,58,0,7.2,12,0,0,0,5,7,M,Medicare,Asian,reference,0.23399999999999999
REF-0182,64,3,1.0,7,3,1,1,5,0,M,Medicare,Hispanic,reference,0.558
REF-0183,48,2,1.0,2,1,1,0,6,2,M,Private,Black/AA,reference,0.398
REF-0184,42,1,7.8,1,3,1,1,3,7,F,Private,Asian,reference,0.4079999999999999
REF-0185,65,2,9.2,11,0,0,1,13,4,F,Medicaid,White,reference,0.42999999999999994
REF-0186,51,1,2.7,14,3,0,0,14,2,F,Private,White,reference,0.3445
REF-0187,52,3,2.6,9,5,1,0,3,5,M,Medicaid,Black/AA,reference,0.5740000000000001
REF-0188,38,3,4.9,4,7,0,0,2,4,M,Other,White,reference,0.5355000000000001
REF-0189,36,2,1.2,3,4,0,0,8,2,M,Private,Hispanic,reference,0.388
REF-0190,62,2,9.0,3,5,0,0,13,5,M,Private,White,reference,0.442
REF-0191,80,0,1.1,3,7,1,0,14,1,F,Medicaid,Asian,reference,0.36250000000000004
REF-0192,53,0,4.8,5,0,0,1,14,0,F,Medicare,White,reference,0.22399999999999998
REF-0193,55,3,6.4,3,2,1,1,6,1,F,Other,White,reference,0.554
REF-0194,73,2,1.6,14,5,0,0,9,2,M,Other,Black/AA,reference,0.465
REF-0195,38,2,2.5,4,3,0,1,5,7,F,Private,Hispanic,reference,0.4135
REF-0196,75,0,7.1,10,1,0,0,11,6,M,Private,White,reference,0.2605
REF-0197,69,2,1.9,11,1,1,0,14,1,M,Private,Asian,reference,0.4465
REF-0198,73,3,2.5,12,7,0,0,9,6,F,Medicare,Black/AA,reference,0.5715000000000001
REF-0199,76,3,1.7,9,6,0,1,5,5,M,Medicare,Black/AA,reference,0.5765000000000001
REF-0200,72,2,1.9,9,2,0,1,3,2,F,Medicaid,Asian,reference,0.4295000000000001
REF-0201,54,2,1.5,13,5,0,1,9,2,M,Medicare,Black/AA,reference,0.47450000000000003
REF-0202,51,1,2.7,11,0,0,1,9,3,M,Other,Other/Unknown,reference,0.3175
REF-0203,30,2,7.0,7,6,1,1,6,1,M,Other,White,reference,0.5529999999999999
REF-0204,68,2,1.0,9,2,0,1,4,1,F,Private,Asian,reference,0.41700000000000004
REF-0205,54,1,16.2,3,7,0,0,10,7,F,Medicare,Black/AA,reference,0.428
REF-0206,78,1,4.6,2,0,0,0,12,3,F,Medicare,White,reference,0.28700000000000003
REF-0207,76,0,4.2,4,4,0,1,4,7,M,Medicaid,White,reference,0.29900000000000004
REF-0208,54,3,2.9,6,1,0,1,11,4,F,Medicare,Other/Unknown,reference,0.47350000000000003
REF-0209,59,2,16.9,1,7,0,0,3,4,F,Medicaid,Black/AA,reference,0.5035
REF-0210,42,0,7.0,2,2,0,1,12,7,M,Medicaid,Hispanic,reference,0.253
REF-0211,71,2,4.8,6,6,0,0,7,7,M,Medicaid,Other/Unknown,reference,0.4600000000000001
REF-0212,32,1,4.6,2,4,1,0,5,1,M,Medicare,Other/Unknown,reference,0.381
REF-0213,68,3,6.5,1,5,0,0,7,1,M,Other,Black/AA,reference,0.5075
REF-0214,46,2,5.0,4,4,0,0,10,1,M,Other,Asian,reference,0.41100000000000003
REF-0215,74,1,2.7,10,1,0,1,12,3,M,Medicare,Asian,reference,0.34650000000000003
REF-0216,40,1,1.8,8,4,0,1,10,1,F,Private,White,reference,0.361
REF-0217,68,0,6.4,8,6,0,1,2,6,M,Medicaid,White,reference,0.3400000000000001
REF-0218,46,2,3.0,3,2,0,0,12,0,F,Medicare,Other/Unknown,reference,0.367
REF-0219,46,0,1.0,3,4,0,1,7,1,M,Medicaid,White,reference,0.257
REF-0220,33,3,3.8,1,3,0,0,6,7,M,Medicare,Asian,reference,0.458
REF-0221,34,2,12.4,4,0,1,1,12,4,M,Other,Asian,reference,0.478
REF-0222,66,0,7.7,10,3,1,0,10,5,M,Private,White,reference,0.33549999999999996
REF-0223,32,2,12.4,11,2,0,1,2,0,F,Medicare,Other/Unknown,reference,0.476
REF-0224,69,0,1.3,13,4,1,1,5,1,F,Medicaid,Asian,reference,0.36650000000000005
REF-0225,41,2,6.0,4,4,1,1,9,7,F,Other,Black/AA,reference,0.506
REF-0226,80,3,6.1,13,4,0,1,14,1,M,Medicare,White,reference,0.5925
REF-0227,83,0,1.5,3,5,0,0,10,1,F,Private,Black/AA,reference,0.28049999999999997
REF-0228,49,2,3.0,1,0,0,0,6,0,F,Medicaid,Asian,reference,0.329
REF-0229,40,0,1.1,5,5,0,1,5,0,M,Private,Black/AA,reference,0.28049999999999997
REF-0230,35,2,3.0,3,3,0,1,14,5,M,Private,Other/Unknown,reference,0.41200000000000003
REF-0231,82,2,4.0,12,2,1,0,5,2,M,Other,Asian,reference,0.502
REF-0232,78,1,4.5,7,4,0,0,9,5,M,Medicaid,Other/Unknown,reference,0.36650000000000005
REF-0233,34,0,6.4,4,4,1,1,4,5,M,Medicare,White,reference,0.348
REF-0234,56,3,1.7,5,3,0,0,4,2,M,Other,Other/Unknown,reference,0.4635
REF-0235,47,2,7.1,10,5,0,0,4,3,M,Private,White,reference,0.46049999999999996
REF-0236,47,3,6.9,2,3,0,1,2,1,M,Other,Asian,reference,0.5075
REF-0237,31,2,1.8,1,0,0,1,10,5,F,Private,Hispanic,reference,0.353
REF-0238,57,0,2.9,7,2,0,0,11,1,M,Medicare,Other/Unknown,reference,0.22249999999999998
REF-0239,56,1,3.4,13,7,0,1,13,0,M,Medicare,Hispanic,reference,0.43399999999999994
REF-0240,62,1,13.0,2,6,0,0,14,3,M,Medicaid,White,reference,0.393
REF-0241,40,2,1.1,2,0,0,1,14,3,F,Private,White,reference,0.35350000000000004
REF-0242,74,2,1.9,9,7,0,0,7,4,M,Medicare,Other/Unknown,reference,0.47850000000000004
REF-0243,56,1,1.0,2,1,0,1,6,4,F,Other,Other/Unknown,reference,0.28800000000000003
REF-0244,46,3,3.8,8,5,1,1,12,5,F,Medicaid,Asian,reference,0.6060000000000001
REF-0245,75,3,3.6,13,6,0,1,8,0,F,Medicare,White,reference,0.6000000000000001
REF-0246,48,0,1.9,7,4,0,0,9,1,F,Other,Black/AA,reference,0.2475
REF-0247,39,1,3.6,13,4,0,1,9,5,M,Private,Black/AA,reference,0.39
REF-0248,37,1,31.9,7,6,1,0,13,5,M,Private,White,reference,0.558
REF-0249,66,3,3.3,5,7,0,0,8,7,F,Private,Hispanic,reference,0.5335000000000001
REF-0250,41,2,5.9,10,7,0,1,14,7,M,Medicaid,Asian,reference,0.5145
REF-0251,43,3,1.4,4,5,0,1,11,0,M,Private,Hispanic,reference,0.518
REF-0252,65,3,2.1,1,3,0,0,8,6,F,Medicaid,Hispanic,reference,0.4495
REF-0253,50,1,3.7,11,0,0,1,9,4,F,Medicare,Hispanic,reference,0.3225
REF-0254,46,2,4.7,4,0,1,0,12,2,F,Medicaid,Black/AA,reference,0.40950000000000003
REF-0255,45,2,1.4,5,1,0,1,13,7,F,Other,Hispanic,reference,0.382
REF-0256,75,2,5.8,8,7,1,1,14,1,F,Other,Black/AA,reference,0.5860000000000001
REF-0257,54,1,1.1,9,4,0,1,2,0,F,Medicaid,White,reference,0.36150000000000004
REF-0258,78,0,8.4,5,5,0,0,11,0,F,Other,Hispanic,reference,0.31300000000000006
REF-0259,65,0,1.2,3,7,0,0,4,7,M,Medicare,White,reference,0.273
REF-0260,73,1,18.3,7,2,0,0,2,0,F,Medicare,Asian,reference,0.3955000000000001
REF-0261,51,1,4.2,12,7,0,1,12,4,M,Medicaid,Black/AA,reference,0.43399999999999994
REF-0262,60,2,6.5,7,3,0,0,13,2,M,Medicaid,Asian,reference,0.41550000000000004
REF-0263,34,3,3.0,8,5,0,0,5,5,F,Medicare,Asian,reference,0.512
REF-0264,57,1,1.0,9,7,0,1,13,4,F,Medicare,Asian,reference,0.406
REF-0265,71,3,5.4,6,6,0,0,7,0,F,Private,Other/Unknown,reference,0.543
REF-0266,69,0,3.5,8,3,0,1,12,4,F,Private,Asian,reference,0.2825
REF-0267,36,3,8.6,7,7,0,0,13,1,M,Private,Other/Unknown,reference,0.5660000000000001
REF-0268,72,2,5.2,8,6,0,0,3,7,M,Private,White,reference,0.4720000000000001
REF-0269,81,0,3.0,14,3,1,1,2,3,M,Medicare,Asian,reference,0.388
REF-0270,68,1,2.8,12,5,1,1,9,2,F,Private,Hispanic,reference,0.46299999999999997
REF-0271,59,3,3.2,2,2,0,0,14,7,M,Medicare,Black/AA,reference,0.44400000000000006
REF-0272,76,1,3.7,13,2,0,1,6,0,F,Other,Hispanic,reference,0.38249999999999995
REF-0273,59,3,14.7,6,4,0,0,2,7,F,Medicare,Black/AA,reference,0.5475000000000001
REF-0274,83,1,1.7,12,0,0,1,8,1,F,Other,White,reference,0.35250000000000004
REF-0275,42,1,3.7,4,2,0,0,7,2,F,Private,White,reference,0.2945
REF-0276,34,0,2.4,11,5,0,0,7,7,F,Other,Black/AA,reference,0.28099999999999997
REF-0277,36,1,3.0,6,2,0,1,4,6,M,Medicare,Black/AA,reference,0.32900000000000007
REF-0278,32,1,5.5,14,5,0,1,13,5,M,Medicaid,White,reference,0.4185
REF-0279,30,2,3.4,7,7,1,1,5,1,F,Medicare,Black/AA,reference,0.55
REF-0280,42,1,2.1,10,4,0,0,9,4,F,Medicaid,Black/AA,reference,0.34049999999999997
REF-0281,49,0,3.2,4,7,0,1,11,3,M,Other,Hispanic,reference,0.31699999999999995
REF-0282,66,1,9.8,8,1,0,1,10,1,M,Other,Other/Unknown,reference,0.358
REF-0283,58,2,1.7,7,4,1,0,2,1,M,Other,Hispanic,reference,0.4665
REF-0284,59,2,1.2,4,0,1,1,12,5,F,Medicaid,Black/AA,reference,0.42200000000000004
REF-0285,43,1,4.0,7,6,0,1,13,2,F,Medicare,Asian,reference,0.398
REF-0286,47,3,2.9,2,7,0,1,7,1,M,Other,Other/Unknown,reference,0.5475000000000001
REF-0287,56,3,3.9,6,1,0,1,6,1,F,Medicaid,White,reference,0.47850000000000004
REF-0288,61,3,10.8,6,5,0,0,5,6,F,Medicaid,Black/AA,reference,0.543
REF-0289,80,2,3.2,13,0,0,1,14,3,F,Medicaid,White,reference,0.43800000000000006
REF-0290,40,3,2.8,2,2,0,1,14,5,M,Medicare,Asian,reference,0.4720000000000001
REF-0291,64,0,8.4,4,6,0,1,9,0,M,Medicare,White,reference,0.32800000000000007
REF-0292,53,2,2.5,13,3,0,1,9,0,M,Private,Black/AA,reference,0.4495
REF-0293,43,2,8.2,13,5,0,0,14,7,F,Other,Other/Unknown,reference,0.478
REF-0294,76,3,1.4,12,3,0,0,12,1,F,Private,Hispanic,reference,0.512
REF-0295,67,3,7.3,11,6,0,0,9,1,F,Private,White,reference,0.5645
REF-0296,71,2,3.5,14,3,0,1,9,5,F,Medicare,Black/AA,reference,0.47050000000000003
REF-0297,56,2,1.3,10,1,1,0,12,4,M,Medicare,White,reference,0.4315
REF-0298,69,0,11.4,4,6,1,1,6,5,F,Other,Hispanic,reference,0.41100000000000003
REF-0299,38,3,3.7,6,2,0,1,2,7,M,Medicare,White,reference,0.49250000000000005
REF-0300,84,1,1.5,5,2,1,0,5,6,F,Medicare,Black/AA,reference,0.38549999999999995
DRF-0001,67,5,7.7,17,13,0,0,17,10,M,Other,Black/AA,drifted,0.8555000000000001
DRF-0002,77,4,3.0,17,12,0,1,18,6,F,Medicaid,Other/Unknown,drifted,0.7870000000000001
DRF-0003,74,3,4.4,17,13,0,1,20,5,F,Private,White,drifted,0.7230000000000001
DRF-0004,67,5,2.2,12,12,0,0,10,7,F,Medicaid,Asian,drifted,0.7930000000000001
DRF-0005,82,4,4.5,9,4,1,1,15,3,M,Medicare,White,drifted,0.7125000000000001
DRF-0006,65,4,9.9,17,10,0,1,21,10,M,Other,Hispanic,drifted,0.7675000000000001
DRF-0007,67,2,11.0,12,7,1,1,10,8,F,Other,Asian,drifted,0.6120000000000001
DRF-0008,86,4,7.5,16,9,0,1,8,4,M,Medicare,Black/AA,drifted,0.7785
DRF-0009,88,6,12.6,16,8,0,1,15,6,M,Medicaid,White,drifted,0.95
DRF-0010,75,5,2.2,17,11,1,0,19,10,F,Private,Asian,drifted,0.8740000000000001
DRF-0011,62,5,26.2,20,9,0,0,15,4,M,Medicaid,Hispanic,drifted,0.896
DRF-0012,74,4,6.4,11,12,0,1,13,5,F,Medicare,Hispanic,drifted,0.774
DRF-0013,83,5,4.1,8,8,1,0,8,5,M,Other,Hispanic,drifted,0.8185
DRF-0014,71,3,3.3,15,5,1,1,16,10,M,Medicare,White,drifted,0.6435000000000002
DRF-0015,88,2,2.0,10,13,1,1,12,9,F,Other,Hispanic,drifted,0.6910000000000001
DRF-0016,84,6,10.8,14,6,0,0,8,10,F,Medicaid,Black/AA,drifted,0.8680000000000001
DRF-0017,77,2,9.5,14,9,1,0,21,8,F,Medicaid,White,drifted,0.6325000000000001
DRF-0018,74,6,4.3,9,8,0,0,10,4,F,Medicare,Black/AA,drifted,0.8255
DRF-0019,77,5,10.3,14,12,1,0,10,7,M,Medicaid,Other/Unknown,drifted,0.9215000000000002
DRF-0020,90,3,13.3,13,5,1,1,12,5,F,Other,Hispanic,drifted,0.7235
DRF-0021,77,3,6.1,10,7,0,1,12,7,M,Private,Asian,drifted,0.6195
DRF-0022,89,2,10.8,9,10,0,1,15,9,M,Private,Hispanic,drifted,0.6280000000000001
DRF-0023,62,3,4.3,12,10,1,1,13,2,F,Medicare,Other/Unknown,drifted,0.6995
DRF-0024,66,3,4.7,16,6,1,1,20,10,F,Other,Black/AA,drifted,0.6595000000000002
DRF-0025,63,4,12.2,16,13,0,1,8,7,M,Other,White,drifted,0.8200000000000001
DRF-0026,93,5,7.4,9,7,1,0,12,11,M,Other,Black/AA,drifted,0.8440000000000001
DRF-0027,71,2,32.3,17,5,1,1,16,11,F,Medicare,Other/Unknown,drifted,0.7050000000000001
DRF-0028,78,5,2.5,10,10,1,1,10,8,M,Other,Asian,drifted,0.8685
DRF-0029,73,2,9.2,8,9,1,1,11,2,M,Medicare,White,drifted,0.629
DRF-0030,76,2,10.2,21,11,1,1,9,4,M,Private,White,drifted,0.722
DRF-0031,89,4,8.1,9,5,0,1,21,10,M,Medicare,Black/AA,drifted,0.6995
DRF-0032,78,4,11.0,10,11,1,1,10,4,M,Other,White,drifted,0.8460000000000001
DRF-0033,66,6,3.2,13,9,1,1,19,6,F,Medicare,Black/AA,drifted,0.925
DRF-0034,85,6,7.8,11,8,0,0,12,4,F,Medicaid,Asian,drifted,0.8730000000000001
DRF-0035,84,5,12.2,17,13,1,1,18,8,M,Private,Other/Unknown,drifted,0.95
DRF-0036,64,2,8.6,13,12,1,0,19,10,M,Private,Asian,drifted,0.645
DRF-0037,84,2,7.4,18,8,1,1,12,4,M,Medicaid,White,drifted,0.667
DRF-0038,85,4,18.5,21,5,1,0,15,5,F,Medicare,Black/AA,drifted,0.8214999999999999
DRF-0039,70,6,14.2,13,12,0,0,18,3,M,Private,Black/AA,drifted,0.9430000000000001
DRF-0040,64,2,5.4,19,11,0,1,17,9,M,Medicaid,Asian,drifted,0.608
DRF-0041,81,4,3.5,9,4,1,1,14,7,M,Medicare,Other/Unknown,drifted,0.7055
DRF-0042,75,2,8.5,13,6,1,1,18,10,F,Medicaid,Hispanic,drifted,0.6045
DRF-0043,60,5,3.4,17,5,1,0,16,10,M,Medicare,White,drifted,0.77
DRF-0044,67,3,5.9,12,5,0,0,16,6,M,Private,Asian,drifted,0.5465000000000001
DRF-0045,75,4,9.5,12,13,1,0,8,9,F,Other,Hispanic,drifted,0.8405
DRF-0046,78,3,19.8,12,12,1,0,18,5,M,Other,Hispanic,drifted,0.8030000000000002
DRF-0047,72,6,7.3,15,8,0,0,16,10,M,Medicaid,Hispanic,drifted,0.8605
DRF-0048,94,5,33.6,10,12,0,0,14,8,F,Other,Asian,drifted,0.95
DRF-0049,61,4,5.1,10,9,1,1,9,10,F,Private,White,drifted,0.7605000000000002
DRF-0050,87,5,8.0,13,11,1,1,8,6,M,Medicare,White,drifted,0.9410000000000003
DRF-0051,63,5,10.8,9,8,1,1,12,6,M,Medicaid,Asian,drifted,0.8500000000000001
DRF-0052,80,2,3.2,8,10,1,1,14,8,M,Private,Other/Unknown,drifted,0.6280000000000001
DRF-0053,71,3,11.7,8,6,1,1,13,7,F,Medicaid,Other/Unknown,drifted,0.6725000000000001
DRF-0054,93,3,13.5,17,11,0,1,19,7,F,Other,Asian,drifted,0.7765000000000002
DRF-0055,83,6,11.2,18,5,0,1,14,11,F,Other,Asian,drifted,0.899
DRF-0056,63,6,2.4,9,13,1,0,14,11,F,Private,Other/Unknown,drifted,0.933
DRF-0057,91,3,4.7,21,5,0,1,20,3,F,Medicare,White,drifted,0.6545000000000001
DRF-0058,88,6,14.9,9,4,0,1,18,8,M,Private,Hispanic,drifted,0.8765000000000001
DRF-0059,86,3,13.3,11,7,1,1,15,7,M,Medicare,White,drifted,0.7375
DRF-0060,83,3,11.6,8,6,1,1,17,9,M,Medicaid,White,drifted,0.6960000000000002
DRF-0061,88,3,15.5,17,10,1,1,13,4,F,Other,Asian,drifted,0.8215000000000001
DRF-0062,61,4,17.5,18,11,1,1,8,10,F,Medicaid,Hispanic,drifted,0.8845000000000001
DRF-0063,81,5,10.0,21,12,1,1,15,9,M,Medicaid,Hispanic,drifted,0.95
DRF-0064,89,3,6.8,8,10,1,1,19,3,M,Medicaid,Hispanic,drifted,0.7440000000000002
DRF-0065,60,6,2.2,19,4,1,0,20,4,F,Other,Asian,drifted,0.837
DRF-0066,91,4,11.1,11,13,1,1,17,6,F,Private,Asian,drifted,0.9065000000000001
DRF-0067,60,5,10.4,17,12,1,1,15,6,F,Other,Other/Unknown,drifted,0.9400000000000002
DRF-0068,70,4,2.2,17,13,0,1,12,2,F,Other,White,drifted,0.784
DRF-0069,91,6,7.9,16,13,0,1,11,2,M,Medicare,Asian,drifted,0.95
DRF-0070,80,4,2.9,19,6,0,1,14,4,F,Other,Hispanic,drifted,0.7105
DRF-0071,68,5,2.6,10,5,0,1,18,11,M,Private,White,drifted,0.7140000000000001
DRF-0072,78,6,6.5,19,11,1,1,19,6,F,Other,Asian,drifted,0.95
DRF-0073,60,6,6.4,16,12,0,1,17,2,F,Medicare,Other/Unknown,drifted,0.9360000000000002
DRF-0074,79,3,4.6,8,7,0,1,19,8,F,Medicaid,White,drifted,0.6080000000000001
DRF-0075,90,4,8.8,17,4,1,1,19,7,F,Other,Other/Unknown,drifted,0.7820000000000003
DRF-0076,64,2,8.3,9,4,0,0,11,11,F,Medicaid,Other/Unknown,drifted,0.4475
DRF-0077,85,4,7.7,15,5,1,0,16,2,M,Other,Black/AA,drifted,0.7435
DRF-0078,84,6,6.3,21,10,0,1,14,9,F,Other,Asian,drifted,0.95
DRF-0079,91,6,13.1,16,5,1,1,14,3,F,Medicaid,White,drifted,0.95
DRF-0080,69,6,7.5,9,4,0,1,10,6,F,Private,White,drifted,0.8015000000000001
DRF-0081,85,6,2.4,21,9,1,1,11,6,M,Other,Hispanic,drifted,0.95
DRF-0082,92,4,3.6,12,12,0,1,18,3,F,Medicaid,Hispanic,drifted,0.8
DRF-0083,68,5,14.2,15,8,1,0,12,3,F,Other,Asian,drifted,0.867
DRF-0084,87,5,2.1,18,9,1,1,11,7,F,Medicaid,Black/AA,drifted,0.9015000000000002
DRF-0085,73,6,2.2,14,7,1,0,11,3,F,Medicaid,Other/Unknown,drifted,0.8780000000000001
DRF-0086,87,6,2.3,15,6,1,1,8,8,M,Private,Asian,drifted,0.9255
DRF-0087,68,3,11.1,11,7,1,1,9,4,M,Medicare,Other/Unknown,drifted,0.6905000000000001
DRF-0088,70,6,3.0,20,5,0,1,13,10,F,Medicaid,Black/AA,drifted,0.84
DRF-0089,70,3,7.3,14,4,1,0,17,11,F,Medicare,Other/Unknown,drifted,0.6125
DRF-0090,76,5,9.3,13,6,1,0,15,7,F,Private,Asian,drifted,0.8205
DRF-0091,91,5,4.4,11,7,1,1,12,2,F,Other,Asian,drifted,0.8630000000000002
DRF-0092,74,5,10.5,13,6,1,1,21,7,M,Medicaid,Asian,drifted,0.8525
DRF-0093,94,6,4.9,9,13,1,1,9,2,F,Medicaid,White,drifted,0.95
DRF-0094,82,3,7.5,15,10,0,1,19,10,F,Other,Asian,drifted,0.7015
DRF-0095,84,3,14.1,16,6,0,1,18,4,F,Private,Other/Unknown,drifted,0.6825000000000001
DRF-0096,78,6,7.6,19,4,1,1,11,2,M,Medicare,Other/Unknown,drifted,0.9199999999999999
DRF-0097,63,5,2.4,17,8,0,1,8,3,M,Medicaid,Asian,drifted,0.78
DRF-0098,74,6,26.1,10,5,0,1,12,10,F,Other,White,drifted,0.9235
DRF-0099,80,2,3.3,17,8,1,0,21,4,F,Medicare,Hispanic,drifted,0.6045
DRF-0100,74,6,8.8,18,8,0,0,18,11,F,Other,Black/AA,drifted,0.8840000000000001
DRF-0101,94,4,17.4,16,7,0,1,15,7,M,Medicare,White,drifted,0.8140000000000001
DRF-0102,83,4,3.1,20,5,1,1,13,6,F,Private,Hispanic,drifted,0.7665
DRF-0103,65,3,8.0,17,13,1,0,14,4,M,Medicare,Hispanic,drifted,0.7530000000000001
DRF-0104,83,3,8.1,8,7,0,0,11,7,F,Medicaid,White,drifted,0.6035
DRF-0105,72,5,16.3,21,6,1,0,9,3,F,Private,Other/Unknown,drifted,0.8795
DRF-0106,86,3,7.6,8,13,1,0,16,10,M,Private,Black/AA,drifted,0.7570000000000001
DRF-0107,75,6,4.2,12,12,1,1,16,2,F,Private,Asian,drifted,0.95
DRF-0108,87,6,13.8,19,10,0,1,17,6,F,Medicare,Asian,drifted,0.95
DRF-0109,66,6,5.5,20,8,0,1,13,4,M,Other,Other/Unknown,drifted,0.8895
DRF-0110,75,3,5.4,10,4,0,0,13,8,F,Medicaid,Asian,drifted,0.537
DRF-0111,72,5,7.9,21,12,1,1,9,11,M,Other,Hispanic,drifted,0.95
DRF-0112,70,2,6.6,17,12,1,1,12,6,F,Private,Hispanic,drifted,0.6910000000000001
DRF-0113,82,4,3.6,17,13,0,0,15,3,F,Private,Black/AA,drifted,0.7850000000000001
DRF-0114,89,6,2.1,12,7,1,1,11,7,M,Private,Asian,drifted,0.9315
DRF-0115,93,2,4.9,8,10,1,1,15,4,M,Medicare,White,drifted,0.6625000000000001
DRF-0116,76,4,4.2,8,9,0,1,21,9,M,Other,Hispanic,drifted,0.7100000000000001
DRF-0117,67,6,12.3,14,5,1,1,19,10,M,Other,White,drifted,0.9165000000000001
DRF-0118,63,6,3.0,16,6,0,1,17,3,M,Medicaid,Hispanic,drifted,0.829
DRF-0119,63,4,8.4,21,7,0,1,17,3,M,Medicaid,Other/Unknown,drifted,0.731
DRF-0120,61,6,10.9,11,10,1,1,9,9,M,Other,Other/Unknown,drifted,0.95
DRF-0121,85,6,2.1,12,11,0,0,12,5,M,Medicaid,Black/AA,drifted,0.8935
DRF-0122,75,4,15.7,19,4,1,0,14,9,F,Medicaid,Black/AA,drifted,0.7645
DRF-0123,73,5,4.8,10,8,1,0,14,11,F,Medicaid,Asian,drifted,0.81
DRF-0124,71,6,4.5,13,12,1,1,12,6,M,Medicare,Black/AA,drifted,0.95
DRF-0125,76,5,4.9,11,10,0,1,8,3,F,Medicaid,Hispanic,drifted,0.8205000000000001
DRF-0126,80,2,5.8,15,8,1,1,14,11,F,Other,White,drifted,0.639
DRF-0127,86,3,14.4,11,6,0,1,10,5,M,Other,White,drifted,0.6680000000000001
DRF-0128,72,5,19.0,11,7,0,1,18,5,M,Medicaid,Asian,drifted,0.8380000000000001
DRF-0129,80,3,5.2,14,11,1,1,11,2,F,Medicaid,Hispanic,drifted,0.7570000000000001
DRF-0130,81,3,3.1,20,13,1,1,10,3,M,Other,Other/Unknown,drifted,0.8025
DRF-0131,67,4,6.5,16,13,1,0,12,7,F,Private,Hispanic,drifted,0.8255000000000001
DRF-0132,92,6,6.5,15,10,0,1,11,9,M,Private,Asian,drifted,0.95
DRF-0133,61,5,6.8,17,4,1,1,19,2,M,Medicaid,Hispanic,drifted,0.8020000000000003
DRF-0134,62,5,7.7,11,9,0,0,12,4,F,Medicaid,Other/Unknown,drifted,0.7675000000000001
DRF-0135,93,6,7.2,17,11,1,0,14,6,F,Medicare,Asian,drifted,0.95
DRF-0136,69,6,2.2,21,6,1,1,10,8,F,Private,Asian,drifted,0.913
DRF-0137,79,4,5.2,14,4,1,0,21,9,M,Medicaid,Asian,drifted,0.7000000000000002
DRF-0138,80,4,37.3,14,5,0,1,15,5,F,Private,Hispanic,drifted,0.811
DRF-0139,61,2,2.5,18,9,1,1,13,9,M,Medicaid,Hispanic,drifted,0.6195000000000002
DRF-0140,83,3,7.3,17,6,1,1,13,10,F,Other,Other/Unknown,drifted,0.7105000000000001
DRF-0141,66,4,3.9,8,10,0,1,17,10,F,Medicare,Hispanic,drifted,0.7035
DRF-0142,60,6,10.4,9,4,1,1,20,8,M,Medicaid,Black/AA,drifted,0.8680000000000001
DRF-0143,60,3,5.4,9,10,1,0,8,4,M,Private,White,drifted,0.663
DRF-0144,88,3,2.8,9,5,1,1,21,8,M,Private,Black/AA,drifted,0.651
DRF-0145,88,4,6.0,11,6,0,0,20,3,F,Medicaid,Black/AA,drifted,0.68
DRF-0146,68,3,11.3,14,7,1,0,14,4,F,Private,Hispanic,drifted,0.6735
DRF-0147,70,4,4.2,16,10,1,1,16,3,F,Private,Asian,drifted,0.8050000000000002
DRF-0148,81,3,10.3,12,5,1,0,19,10,M,Private,Other/Unknown,drifted,0.6565000000000001
DRF-0149,71,3,10.4,14,8,1,0,10,6,M,Medicare,Other/Unknown,drifted,0.6900000000000002
DRF-0150,77,5,9.6,20,11,1,1,14,10,F,Medicare,Asian,drifted,0.95
DRF-0151,94,4,12.3,15,5,0,1,19,3,M,Medicaid,White,drifted,0.7545
DRF-0152,73,6,5.3,21,4,0,0,19,7,F,Medicare,Hispanic,drifted,0.8164999999999999
DRF-0153,94,3,5.4,18,6,0,1,10,5,F,Medicare,Asian,drifted,0.667
DRF-0154,76,3,5.1,18,9,0,0,18,4,M,Medicaid,Asian,drifted,0.6445000000000001
DRF-0155,82,2,6.2,20,11,0,1,13,10,M,Medicare,Black/AA,drifted,0.65
DRF-0156,80,5,8.0,21,9,0,0,19,10,F,Private,Asian,drifted,0.8390000000000001
DRF-0157,80,3,5.9,16,6,0,1,21,4,M,Other,Hispanic,drifted,0.6335000000000002
DRF-0158,68,2,4.1,13,6,1,1,10,7,M,Medicare,Black/AA,drifted,0.5685
DRF-0159,71,2,4.6,8,7,1,1,16,8,F,Medicare,White,drifted,0.5720000000000001
DRF-0160,71,5,5.7,20,8,1,1,13,9,F,Medicaid,Other/Unknown,drifted,0.8805000000000001
DRF-0161,63,6,3.3,17,7,1,1,10,5,F,Private,Hispanic,drifted,0.9095
DRF-0162,66,3,4.5,20,8,0,0,8,6,M,Private,Hispanic,drifted,0.6144999999999999
DRF-0163,71,3,2.9,21,8,1,1,12,4,F,Private,Black/AA,drifted,0.7104999999999999
DRF-0164,86,5,2.4,10,10,0,0,14,10,F,Other,Hispanic,drifted,0.7940000000000002
DRF-0165,67,3,14.6,9,6,0,1,8,4,F,Private,Asian,drifted,0.6230000000000001
DRF-0166,77,4,4.9,16,9,0,0,20,6,F,Medicaid,Asian,drifted,0.7175
DRF-0167,71,5,8.3,14,7,0,1,9,2,F,Other,White,drifted,0.7945000000000001
DRF-0168,61,5,5.0,15,6,0,1,10,7,F,Other,Asian,drifted,0.7550000000000001
DRF-0169,64,3,4.5,10,7,1,1,10,11,F,Medicare,Other/Unknown,drifted,0.6475000000000002
DRF-0170,89,6,15.3,10,12,1,1,11,9,M,Private,Other/Unknown,drifted,0.95
DRF-0171,79,3,19.9,17,9,0,1,15,3,F,Medicare,Other/Unknown,drifted,0.7505000000000002
DRF-0172,70,4,18.2,10,6,0,1,15,5,M,Medicare,Hispanic,drifted,0.731
DRF-0173,73,3,2.9,11,8,1,0,16,4,M,Medicaid,Hispanic,drifted,0.6445000000000001
DRF-0174,65,2,7.0,12,12,0,1,10,5,M,Other,Other/Unknown,drifted,0.603
DRF-0175,62,4,7.2,21,8,0,1,19,6,M,Other,Other/Unknown,drifted,0.74
DRF-0176,72,4,12.9,13,13,0,0,17,4,F,Other,Black/AA,drifted,0.7955000000000001
DRF-0177,83,2,23.2,18,12,1,1,19,4,F,Private,Asian,drifted,0.804
DRF-0178,89,3,5.5,10,11,0,1,18,2,F,Medicare,Asian,drifted,0.7005000000000001
DRF-0179,88,5,3.2,13,9,0,1,9,6,M,Private,Asian,drifted,0.8290000000000002
DRF-0180,79,4,10.2,8,5,0,0,10,3,M,Other,White,drifted,0.656
DRF-0181,83,3,10.1,13,12,1,1,11,2,F,Medicare,Black/AA,drifted,0.7985000000000002
DRF-0182,89,5,6.5,16,9,0,1,12,5,F,Medicare,Other/Unknown,drifted,0.8595000000000002
DRF-0183,87,4,5.9,18,6,0,1,21,6,F,Medicare,White,drifted,0.7355
DRF-0184,62,3,2.9,8,9,1,1,16,11,F,Medicaid,Other/Unknown,drifted,0.6615000000000002
DRF-0185,77,2,9.6,16,10,0,1,12,9,M,Medicare,Other/Unknown,drifted,0.6260000000000001
DRF-0186,71,5,18.0,18,11,1,1,19,10,M,Medicare,White,drifted,0.95
DRF-0187,81,2,14.9,21,9,0,1,16,2,M,Private,Black/AA,drifted,0.6655000000000001
DRF-0188,61,2,2.2,20,11,0,1,15,9,F,Medicare,Asian,drifted,0.596
DRF-0189,86,2,12.7,9,12,0,1,11,5,F,Other,Black/AA,drifted,0.6615000000000001
DRF-0190,79,6,4.4,11,12,1,1,10,8,M,Other,White,drifted,0.95
DRF-0191,71,6,3.7,18,4,1,1,9,11,F,Other,Black/AA,drifted,0.8825000000000001
DRF-0192,74,4,5.7,14,10,1,1,8,6,M,Medicaid,Hispanic,drifted,0.8125
DRF-0193,90,2,2.5,14,8,1,1,8,2,M,Medicare,White,drifted,0.6385000000000001
DRF-0194,68,6,15.8,19,6,1,0,13,7,F,Private,White,drifted,0.9409999999999998
DRF-0195,73,2,10.9,16,9,1,1,9,5,F,Medicaid,Other/Unknown,drifted,0.6695
DRF-0196,76,6,16.2,17,8,1,0,10,2,M,Private,White,drifted,0.95
DRF-0197,73,3,32.9,14,11,0,1,12,6,F,Medicaid,Hispanic,drifted,0.8070000000000002
DRF-0198,66,6,4.6,17,8,0,1,10,4,M,Private,Black/AA,drifted,0.873
DRF-0199,91,6,60.6,14,13,0,0,19,10,M,Medicaid,Other/Unknown,drifted,0.95
DRF-0200,86,6,10.7,16,11,0,0,10,5,M,Other,Other/Unknown,drifted,0.95
DRF-0201,66,3,5.6,18,5,0,1,19,5,F,Private,Asian,drifted,0.5970000000000001
DRF-0202,71,5,9.6,14,7,0,1,17,4,F,Private,Black/AA,drifted,0.8010000000000002
DRF-0203,71,3,2.8,18,9,0,0,15,5,M,Medicare,Black/AA,drifted,0.623
DRF-0204,82,2,2.5,21,13,1,1,10,11,M,Other,Black/AA,drifted,0.7255
DRF-0205,69,5,12.3,9,7,1,0,8,6,F,Medicaid,Hispanic,drifted,0.8205
DRF-0206,63,5,10.6,16,7,1,1,8,11,F,Medicaid,Other/Unknown,drifted,0.8620000000000001
DRF-0207,86,4,8.2,16,11,0,1,14,3,M,Medicaid,Black/AA,drifted,0.812
DRF-0208,87,3,9.0,17,6,1,1,19,8,M,Private,Other/Unknown,drifted,0.7270000000000001
DRF-0209,84,4,8.4,13,4,0,0,9,8,F,Medicare,Hispanic,drifted,0.6620000000000001
DRF-0210,91,4,8.3,18,10,0,0,17,8,F,Medicaid,Hispanic,drifted,0.7855000000000001
DRF-0211,82,3,5.9,13,10,1,1,19,11,M,Other,Hispanic,drifted,0.7455
DRF-0212,93,3,13.4,13,4,1,1,19,6,F,Other,White,drifted,0.7150000000000001
DRF-0213,80,4,3.8,15,10,1,0,10,4,F,Other,Black/AA,drifted,0.7890000000000001
DRF-0214,67,6,8.4,17,13,1,0,10,8,M,Medicare,White,drifted,0.95
DRF-0215,74,4,13.6,10,9,1,0,8,6,M,Medicaid,Asian,drifted,0.7910000000000001
DRF-0216,74,3,3.0,12,7,1,0,17,4,M,Private,Black/AA,drifted,0.6360000000000001
DRF-0217,85,2,7.3,13,11,1,1,18,4,F,Other,Other/Unknown,drifted,0.6935
DRF-0218,69,2,5.4,18,9,0,1,10,5,M,Medicare,Other/Unknown,drifted,0.5820000000000001
DRF-0219,75,2,7.1,21,7,1,0,8,2,F,Other,White,drifted,0.6145
DRF-0220,82,6,27.2,21,10,0,1,20,2,M,Other,Asian,drifted,0.95
DRF-0221,71,4,17.8,11,4,0,1,8,11,F,Medicare,White,drifted,0.7050000000000001
DRF-0222,64,3,4.0,19,4,0,1,18,4,F,Medicaid,Black/AA,drifted,0.5760000000000001
DRF-0223,85,4,6.6,8,4,0,0,20,3,F,Other,Asian,drifted,0.635
DRF-0224,78,2,4.4,10,8,1,0,10,8,M,Medicare,White,drifted,0.5780000000000001
DRF-0225,86,5,2.7,12,12,0,1,21,7,F,Medicare,Black/AA,drifted,0.8635000000000002
DRF-0226,82,5,12.5,8,11,0,1,10,11,M,Medicare,Hispanic,drifted,0.8735000000000002
DRF-0227,78,4,17.2,9,4,1,1,8,10,M,Other,Asian,drifted,0.768
DRF-0228,90,6,27.1,10,10,1,0,18,10,M,Other,Black/AA,drifted,0.95
DRF-0229,76,6,5.2,20,13,1,1,15,4,F,Medicare,Asian,drifted,0.95
DRF-0230,77,5,5.4,9,7,1,1,20,6,M,Other,Asian,drifted,0.8320000000000001
DRF-0231,65,4,3.5,17,9,1,1,12,3,M,Other,Asian,drifted,0.7805000000000002
DRF-0232,66,4,2.8,10,10,1,1,15,4,M,Medicaid,Asian,drifted,0.766
DRF-0233,61,3,14.6,21,7,1,0,20,10,F,Medicaid,Hispanic,drifted,0.712
DRF-0234,89,6,4.4,15,8,0,1,19,4,F,Medicaid,Black/AA,drifted,0.9100000000000001
DRF-0235,86,2,18.0,17,9,0,1,8,7,F,Medicaid,White,drifted,0.675
DRF-0236,94,5,16.7,16,5,1,1,14,5,M,Private,White,drifted,0.9205000000000001
DRF-0237,68,5,10.7,20,7,1,0,12,3,M,Other,Black/AA,drifted,0.8545
DRF-0238,72,5,4.1,9,13,1,0,21,10,M,Private,White,drifted,0.8755000000000002
DRF-0239,79,6,5.3,19,4,1,0,19,5,M,Medicare,White,drifted,0.8804999999999998
DRF-0240,94,4,11.3,17,11,0,1,18,7,M,Other,Asian,drifted,0.8475000000000001
DRF-0241,85,5,12.1,10,9,1,1,21,8,M,Medicaid,Asian,drifted,0.9155000000000002
DRF-0242,87,3,2.2,16,13,0,0,15,2,M,Medicare,Hispanic,drifted,0.7040000000000002
DRF-0243,77,4,6.1,13,4,0,0,15,7,M,Private,White,drifted,0.6365000000000001
DRF-0244,62,4,18.0,16,6,1,0,17,9,M,Other,Asian,drifted,0.774
DRF-0245,75,5,2.7,10,8,0,1,21,2,F,Medicaid,Black/AA,drifted,0.7735000000000001
DRF-0246,70,4,13.3,16,13,0,0,8,8,F,Medicare,White,drifted,0.8055000000000001
DRF-0247,82,3,5.5,18,5,1,1,20,3,M,Private,Hispanic,drifted,0.6885000000000001
DRF-0248,69,2,2.5,17,5,1,0,15,8,F,Medicare,Black/AA,drifted,0.5335000000000001
DRF-0249,69,5,2.6,18,9,1,1,11,3,F,Other,White,drifted,0.8680000000000001
DRF-0250,75,5,5.5,16,7,1,0,12,9,F,Medicare,White,drifted,0.8265
DRF-0251,87,5,7.3,15,4,1,1,8,4,F,Private,Other/Unknown,drifted,0.8405000000000002
DRF-0252,68,4,10.5,20,10,0,0,19,8,M,Private,Hispanic,drifted,0.7585
DRF-0253,68,4,21.7,16,5,0,0,13,5,F,Other,Hispanic,drifted,0.7235
DRF-0254,73,6,20.0,10,12,1,1,13,8,M,Other,Asian,drifted,0.95
DRF-0255,63,6,8.5,9,5,1,0,10,9,M,Medicaid,White,drifted,0.8434999999999999
DRF-0256,64,4,10.9,20,9,0,1,8,10,M,Other,Asian,drifted,0.7695
DRF-0257,83,4,5.7,19,13,0,1,16,8,F,Other,Other/Unknown,drifted,0.8355
DRF-0258,79,3,24.7,21,10,1,0,9,4,F,Medicare,White,drifted,0.8355000000000001
DRF-0259,94,2,3.9,12,4,1,0,21,10,F,Other,Asian,drifted,0.5555
DRF-0260,82,6,21.5,12,7,1,0,12,3,F,Other,Other/Unknown,drifted,0.95
DRF-0261,86,2,25.5,20,10,0,0,10,5,M,Private,White,drifted,0.7095
DRF-0262,82,6,13.4,19,7,1,1,17,11,F,Medicaid,Other/Unknown,drifted,0.95
DRF-0263,61,6,2.4,18,7,0,0,10,2,M,Private,Black/AA,drifted,0.819
DRF-0264,65,5,4.6,14,4,1,0,8,5,F,Medicaid,Other/Unknown,drifted,0.7490000000000001
DRF-0265,88,4,3.5,21,7,0,1,19,9,F,Other,White,drifted,0.7525000000000001
DRF-0266,90,6,3.8,11,7,1,0,11,8,F,Medicaid,Asian,drifted,0.9080000000000001
DRF-0267,90,2,5.0,9,12,1,0,19,10,F,Other,Asian,drifted,0.661
DRF-0268,88,6,3.3,14,5,1,1,17,10,F,Medicare,Asian,drifted,0.9135
DRF-0269,83,4,13.8,15,10,1,1,19,8,F,Other,Asian,drifted,0.875
DRF-0270,79,5,13.0,15,12,0,1,17,5,F,Other,Hispanic,drifted,0.913
DRF-0271,87,2,21.1,15,11,1,0,11,5,M,Medicare,Black/AA,drifted,0.7445000000000002
DRF-0272,72,3,13.6,13,7,0,1,19,6,M,Medicaid,White,drifted,0.6590000000000001
DRF-0273,76,5,2.8,12,9,0,0,20,4,F,Medicaid,Black/AA,drifted,0.7690000000000001
DRF-0274,82,5,2.4,15,13,1,1,20,2,M,Medicaid,Black/AA,drifted,0.9410000000000003
DRF-0275,92,3,4.0,17,9,1,0,17,11,F,Medicare,Asian,drifted,0.7270000000000001
DRF-0276,63,6,2.2,18,13,1,0,11,10,F,Private,Hispanic,drifted,0.95
DRF-0277,75,4,5.0,14,10,1,1,17,9,F,Private,Hispanic,drifted,0.8110000000000002
DRF-0278,71,3,10.3,19,5,1,1,9,7,M,Private,White,drifted,0.6944999999999999
DRF-0279,76,2,4.3,9,8,0,1,8,9,F,Medicaid,Black/AA,drifted,0.5395000000000001
DRF-0280,70,3,9.1,11,11,1,1,21,5,M,Medicaid,White,drifted,0.7445000000000002
DRF-0281,85,6,3.1,9,13,0,1,15,10,F,Medicare,Asian,drifted,0.9465000000000001
DRF-0282,87,3,14.3,9,8,1,0,15,7,M,Private,White,drifted,0.7215
DRF-0283,87,5,8.6,11,12,0,1,16,4,F,Medicare,Asian,drifted,0.8910000000000002
DRF-0284,93,4,13.0,9,9,1,1,11,8,F,Other,Asian,drifted,0.8520000000000001
DRF-0285,87,6,5.4,15,8,1,0,19,5,M,Private,Hispanic,drifted,0.9410000000000001
DRF-0286,65,4,8.9,19,10,1,0,20,8,M,Other,Black/AA,drifted,0.8005
DRF-0287,80,3,11.1,11,9,1,1,16,8,F,Other,Black/AA,drifted,0.7445000000000002
DRF-0288,84,5,2.8,16,7,1,1,19,3,M,Private,Asian,drifted,0.8610000000000002
DRF-0289,78,3,7.6,20,7,1,1,19,2,F,Medicaid,Black/AA,drifted,0.7290000000000001
DRF-0290,82,6,2.5,15,8,1,1,17,2,M,Other,Hispanic,drifted,0.9465000000000001
DRF-0291,65,3,4.1,11,6,0,1,12,8,F,Other,Black/AA,drifted,0.5745000000000001
DRF-0292,73,3,15.7,8,8,0,1,21,8,F,Medicaid,Black/AA,drifted,0.6665000000000001
DRF-0293,89,2,5.0,20,9,1,0,16,5,F,Private,Asian,drifted,0.6580000000000001
DRF-0294,72,4,4.0,8,9,1,1,21,6,F,Private,Other/Unknown,drifted,0.7610000000000001
DRF-0295,76,6,9.3,9,7,0,0,8,10,M,Other,Hispanic,drifted,0.8395
DRF-0296,75,2,7.3,9,9,1,1,10,8,F,Other,Other/Unknown,drifted,0.6275
DRF-0297,73,5,5.2,13,11,0,1,10,8,F,Medicare,Asian,drifted,0.8390000000000002
DRF-0298,62,6,14.9,10,9,0,0,18,7,F,Private,White,drifted,0.8795000000000001
DRF-0299,82,6,3.5,9,12,1,1,15,11,M,Medicare,Hispanic,drifted,0.95
DRF-0300,72,2,4.9,14,6,0,0,8,6,F,Medicare,Black/AA,drifted,0.4945
