patient_id,age,gender,insurance,race,age_group,prior_admissions_12mo,los_days,n_diagnoses,n_procedures,charlson_index,n_medications,high_risk_med,emergency_adm,estimated_risk,risk_band,above_threshold,admittime
SYN-0001,30,F,Other,Asian,18-50,3,10.3,9,8,1,13,1,0,0.5685,Higher,1,2023-01-01
SYN-0002,76,F,Private,Hispanic,76-85,2,5.2,3,5,4,3,0,0,0.43000000000000005,Higher,1,2023-01-02
SYN-0003,54,F,Medicaid,White,51-65,1,1.4,17,0,10,16,0,0,0.451,Higher,1,2023-01-03
SYN-0004,88,M,Private,Asian,85+,2,3.6,17,7,2,7,1,1,0.522,Higher,1,2023-01-04
SYN-0005,84,M,Medicare,Asian,76-85,3,6.1,8,3,10,7,0,1,0.6665000000000001,Higher,1,2023-01-05
SYN-0006,55,F,Other,Other/Unknown,51-65,1,2.2,5,9,5,3,0,1,0.358,Moderate,1,2023-01-06
SYN-0007,53,F,Medicare,Asian,51-65,4,5.5,18,2,2,13,1,1,0.6695,Higher,1,2023-01-07
SYN-0008,76,M,Medicare,White,76-85,3,17.0,13,2,9,11,0,1,0.7060000000000002,Higher,1,2023-01-08
SYN-0009,53,M,Private,Asian,51-65,3,6.5,17,5,0,15,0,0,0.4825,Higher,1,2023-01-09
SYN-0010,44,M,Other,White,18-50,3,4.8,1,9,2,5,0,1,0.4940000000000001,Higher,1,2023-01-10
SYN-0011,80,M,Medicaid,Hispanic,76-85,1,11.2,9,6,1,11,0,0,0.375,Moderate,1,2023-01-11
SYN-0012,77,F,Other,Hispanic,76-85,1,1.5,4,1,1,15,0,1,0.36650000000000005,Moderate,1,2023-01-12
SYN-0013,85,F,Medicaid,Other/Unknown,76-85,0,8.7,10,4,1,7,0,0,0.2765,Moderate,0,2023-01-13
SYN-0014,30,F,Medicaid,Asian,18-50,1,10.0,3,3,10,9,1,0,0.526,Higher,1,2023-01-14
SYN-0015,41,F,Medicare,Asian,18-50,3,5.3,15,2,0,1,0,1,0.4505,Higher,1,2023-01-15
SYN-0016,44,F,Medicaid,Asian,18-50,4,2.7,12,4,10,0,0,1,0.6635,Higher,1,2023-01-16
SYN-0017,34,M,Medicaid,Asian,18-50,2,2.8,12,0,9,8,1,1,0.581,Higher,1,2023-01-17
SYN-0018,34,F,Private,Hispanic,18-50,3,11.9,2,7,2,5,0,1,0.5295000000000001,Higher,1,2023-01-18
SYN-0019,44,F,Medicaid,Hispanic,18-50,0,22.7,8,4,5,15,1,1,0.48850000000000005,Higher,1,2023-01-19
SYN-0020,85,M,Medicaid,White,76-85,0,4.1,11,8,3,19,0,1,0.3615,Moderate,1,2023-01-20
SYN-0021,48,M,Medicaid,Black/AA,18-50,4,11.0,11,1,3,11,1,0,0.6740000000000002,Higher,1,2023-01-21
SYN-0022,67,F,Medicare,Hispanic,66-75,3,1.5,14,3,1,12,1,1,0.5545,Higher,1,2023-01-22
SYN-0023,60,F,Private,Other/Unknown,51-65,1,8.6,9,8,11,6,0,1,0.492,Higher,1,2023-01-23
SYN-0024,41,M,Medicare,Asian,18-50,4,2.2,18,5,0,5,0,0,0.501,Higher,1,2023-01-24
SYN-0025,79,M,Medicaid,Other/Unknown,76-85,4,5.7,3,5,5,6,0,0,0.6255000000000001,Higher,1,2023-01-25
SYN-0026,31,M,Other,White,18-50,3,4.4,15,0,11,18,1,0,0.7090000000000001,Higher,1,2023-01-26
SYN-0027,73,M,Other,Hispanic,66-75,0,2.1,14,8,0,3,0,0,0.1885,Lower,0,2023-01-27
SYN-0028,57,M,Medicaid,Hispanic,51-65,2,1.0,3,1,2,5,0,1,0.395,Moderate,1,2023-01-28
SYN-0029,85,F,Medicare,Hispanic,76-85,3,12.5,8,1,10,16,0,0,0.7065000000000001,Higher,1,2023-01-29
SYN-0030,33,M,Private,Black/AA,18-50,2,5.2,18,9,3,2,0,0,0.389,Moderate,1,2023-01-30
SYN-0031,87,F,Medicaid,White,85+,4,1.1,12,5,1,12,1,1,0.6725000000000001,Higher,1,2023-01-31
SYN-0032,87,M,Private,White,85+,0,6.7,12,7,9,8,0,1,0.42450000000000004,Higher,1,2023-02-01
SYN-0033,43,F,Private,Black/AA,18-50,4,3.6,9,2,4,10,0,0,0.5880000000000001,Higher,1,2023-02-02
SYN-0034,51,F,Medicaid,Black/AA,51-65,0,2.0,8,1,7,19,0,1,0.371,Moderate,1,2023-02-03
SYN-0035,89,M,Other,Black/AA,85+,3,7.8,19,1,10,1,0,1,0.661,Higher,1,2023-02-04
SYN-0036,45,M,Private,White,18-50,4,13.3,3,5,1,3,1,1,0.6535,Higher,1,2023-02-05
SYN-0037,71,F,Private,Asian,66-75,0,1.0,9,5,6,13,0,1,0.33899999999999997,Moderate,1,2023-02-06
SYN-0038,81,M,Other,Hispanic,76-85,3,1.3,17,4,2,17,1,0,0.5865,Higher,1,2023-02-07
SYN-0039,43,M,Other,Asian,18-50,0,2.4,18,5,10,2,0,1,0.35,Moderate,1,2023-02-08
SYN-0040,31,F,Private,Asian,18-50,4,5.4,17,2,11,6,0,0,0.6859999999999999,Higher,1,2023-02-09
SYN-0041,73,F,Private,Black/AA,66-75,0,5.7,7,5,11,17,0,1,0.4575,Higher,1,2023-02-10
SYN-0042,42,M,Private,Black/AA,18-50,0,2.7,3,1,5,12,0,1,0.3165,Moderate,1,2023-02-11
SYN-0043,53,F,Medicaid,Hispanic,51-65,1,3.4,5,2,9,18,0,1,0.484,Higher,1,2023-02-12
SYN-0044,59,F,Medicare,Asian,51-65,4,9.6,17,2,9,11,0,1,0.7270000000000001,Higher,1,2023-02-13
SYN-0045,27,F,Private,Hispanic,18-50,1,1.9,10,8,11,2,0,1,0.4425,Higher,1,2023-02-14
SYN-0046,30,F,Other,Asian,18-50,2,1.7,18,9,11,3,0,0,0.4955,Higher,1,2023-02-15
SYN-0047,85,M,Private,White,76-85,4,4.0,14,5,0,1,0,1,0.5640000000000001,Higher,1,2023-02-16
SYN-0048,62,F,Medicare,Other/Unknown,51-65,2,5.0,9,7,9,18,0,0,0.542,Higher,1,2023-02-17
SYN-0049,79,M,Private,Asian,76-85,0,3.2,14,0,5,13,0,0,0.321,Moderate,1,2023-02-18
SYN-0050,46,M,Other,White,18-50,3,11.4,18,6,3,15,0,1,0.5820000000000001,Higher,1,2023-02-19
SYN-0051,30,M,Other,Asian,18-50,4,10.6,15,3,1,14,0,0,0.5940000000000001,Higher,1,2023-02-20
SYN-0052,56,F,Other,Asian,51-65,0,5.4,8,0,8,16,1,0,0.421,Higher,1,2023-02-21
SYN-0053,32,M,Medicaid,Other/Unknown,18-50,0,5.8,1,6,6,0,0,0,0.269,Moderate,0,2023-02-22
SYN-0054,54,F,Medicare,Other/Unknown,51-65,1,1.3,9,5,11,14,1,0,0.5175,Higher,1,2023-02-23
SYN-0055,69,F,Medicare,Asian,66-75,1,6.7,1,1,7,19,0,0,0.45249999999999996,Higher,1,2023-02-24
SYN-0056,83,F,Medicaid,Asian,76-85,4,2.3,1,4,1,17,1,0,0.6605000000000001,Higher,1,2023-02-25
SYN-0057,84,M,Other,Black/AA,76-85,0,1.0,3,0,9,12,0,1,0.40599999999999997,Higher,1,2023-02-26
SYN-0058,28,F,Medicaid,Black/AA,18-50,3,9.0,16,1,9,16,0,1,0.6640000000000001,Higher,1,2023-02-27
SYN-0059,32,F,Private,White,18-50,0,2.9,11,7,6,12,0,1,0.3324999999999999,Moderate,1,2023-02-28
SYN-0060,37,F,Medicare,White,18-50,0,1.8,6,5,11,14,1,0,0.43999999999999995,Higher,1,2023-03-01
SYN-0061,39,F,Medicaid,Hispanic,18-50,4,3.6,8,1,4,1,1,0,0.6120000000000001,Higher,1,2023-03-02
SYN-0062,75,F,Private,Asian,66-75,1,7.2,13,4,1,4,0,0,0.31700000000000006,Moderate,1,2023-03-03
SYN-0063,41,M,Medicare,Other/Unknown,18-50,3,5.6,4,1,5,10,0,1,0.5630000000000001,Higher,1,2023-03-04
SYN-0064,33,F,Medicare,Hispanic,18-50,4,2.5,6,6,5,15,0,1,0.6475,Higher,1,2023-03-05
SYN-0065,79,M,Medicare,White,76-85,1,4.9,12,3,11,0,0,1,0.47750000000000004,Higher,1,2023-03-06
SYN-0066,62,F,Medicaid,Hispanic,51-65,1,7.0,11,5,7,11,0,0,0.414,Higher,1,2023-03-07
SYN-0067,37,M,Other,Other/Unknown,18-50,2,3.5,11,3,11,10,0,0,0.5325,Higher,1,2023-03-08
SYN-0068,57,F,Medicare,White,51-65,3,17.6,10,2,3,10,0,1,0.5930000000000001,Higher,1,2023-03-09
SYN-0069,81,M,Private,Other/Unknown,76-85,4,1.4,2,2,6,6,1,1,0.7130000000000001,Higher,1,2023-03-10
SYN-0070,25,M,Private,Black/AA,18-50,2,17.2,16,4,4,14,0,1,0.542,Higher,1,2023-03-11
SYN-0071,57,M,Medicare,Asian,51-65,4,2.7,15,6,1,14,0,0,0.5545,Higher,1,2023-03-12
SYN-0072,38,F,Medicare,Other/Unknown,18-50,3,2.3,10,7,1,8,0,0,0.4485,Higher,1,2023-03-13
SYN-0073,77,M,Medicaid,Hispanic,76-85,4,2.3,10,4,10,7,1,0,0.7435,Higher,1,2023-03-14
SYN-0074,55,M,Medicare,Hispanic,51-65,4,5.0,3,2,10,18,1,1,0.8070000000000002,Higher,1,2023-03-15
SYN-0075,89,F,Private,Hispanic,85+,2,6.2,1,0,3,4,0,0,0.45,Higher,1,2023-03-16
SYN-0076,68,F,Medicaid,Hispanic,66-75,3,1.4,15,7,4,14,0,0,0.519,Higher,1,2023-03-17
SYN-0077,59,M,Medicaid,Hispanic,51-65,3,5.3,8,5,5,18,0,0,0.5635000000000001,Higher,1,2023-03-18
SYN-0078,57,F,Medicare,Black/AA,51-65,4,1.6,11,0,4,19,0,1,0.644,Higher,1,2023-03-19
SYN-0079,45,F,Medicare,Hispanic,18-50,0,1.2,12,9,8,8,0,0,0.30800000000000005,Moderate,1,2023-03-20
SYN-0080,43,F,Private,Other/Unknown,18-50,0,4.2,14,7,11,16,0,0,0.39999999999999997,Moderate,1,2023-03-21
SYN-0081,58,F,Medicaid,Asian,51-65,3,18.6,12,7,5,17,1,0,0.6860000000000002,Higher,1,2023-03-22
SYN-0082,60,M,Private,Black/AA,51-65,4,3.0,13,1,11,3,0,0,0.6619999999999999,Higher,1,2023-03-23
SYN-0083,25,M,Other,Black/AA,18-50,0,1.1,10,7,11,9,0,1,0.38650000000000007,Moderate,1,2023-03-24
SYN-0084,51,F,Medicare,White,51-65,0,1.4,16,2,6,10,0,0,0.287,Moderate,0,2023-03-25
SYN-0085,28,M,Other,Asian,18-50,1,1.6,8,1,11,13,0,0,0.45499999999999996,Higher,1,2023-03-26
SYN-0086,73,F,Medicaid,Asian,66-75,1,1.0,16,1,7,4,1,0,0.432,Higher,1,2023-03-27
SYN-0087,59,F,Medicaid,Asian,51-65,0,11.4,14,8,7,13,1,0,0.424,Higher,1,2023-03-28
SYN-0088,80,M,Private,White,76-85,4,4.9,6,4,4,2,0,1,0.6225,Higher,1,2023-03-29
SYN-0089,68,F,Medicare,White,66-75,1,3.4,9,8,6,19,1,1,0.509,Higher,1,2023-03-30
SYN-0090,62,M,Medicaid,White,51-65,0,8.1,19,7,7,1,0,1,0.3295,Moderate,1,2023-03-31
SYN-0091,31,F,Medicaid,Hispanic,18-50,1,2.4,7,2,6,0,0,0,0.33199999999999996,Moderate,1,2023-04-01
SYN-0092,52,M,Private,Black/AA,51-65,4,3.1,19,5,6,19,0,1,0.6815,Higher,1,2023-04-02
SYN-0093,82,F,Medicare,Black/AA,76-85,4,6.4,19,7,2,11,0,1,0.6400000000000001,Higher,1,2023-04-03
SYN-0094,45,F,Private,Hispanic,18-50,0,5.4,3,0,3,1,0,0,0.22599999999999998,Moderate,0,2023-04-04
SYN-0095,80,M,Medicare,Hispanic,76-85,2,4.1,13,9,3,15,1,0,0.5255,Higher,1,2023-04-05
SYN-0096,67,M,Medicaid,White,66-75,1,3.6,19,9,5,2,0,1,0.365,Moderate,1,2023-04-06
SYN-0097,28,F,Medicare,Asian,18-50,1,1.2,19,4,3,10,0,1,0.351,Moderate,1,2023-04-07
SYN-0098,49,M,Medicare,White,18-50,3,7.7,2,4,2,19,0,1,0.5645,Higher,1,2023-04-08
SYN-0099,43,M,Medicaid,Hispanic,18-50,0,5.8,4,0,1,10,0,1,0.264,Moderate,0,2023-04-09
SYN-0100,75,M,Medicaid,Black/AA,66-75,2,3.3,16,2,3,11,0,0,0.4355,Higher,1,2023-04-10
SYN-0101,73,F,Medicare,Black/AA,66-75,1,2.6,10,0,5,9,0,1,0.4,Higher,1,2023-04-11
SYN-0102,33,M,Medicaid,Black/AA,18-50,0,1.1,18,9,2,16,1,0,0.3095,Moderate,1,2023-04-12
SYN-0103,30,M,Medicare,Other/Unknown,18-50,2,11.1,14,8,5,0,0,0,0.4405,Higher,1,2023-04-13
SYN-0104,75,M,Medicare,Black/AA,66-75,4,3.7,17,2,11,11,0,0,0.7175,Higher,1,2023-04-14
SYN-0105,72,F,Medicaid,Other/Unknown,66-75,4,3.4,11,7,1,12,1,1,0.6540000000000001,Higher,1,2023-04-15
SYN-0106,30,M,Medicaid,Asian,18-50,4,2.2,1,3,0,14,0,0,0.537,Higher,1,2023-04-16
SYN-0107,78,M,Medicare,Asian,76-85,1,12.9,3,5,2,2,1,0,0.41850000000000004,Higher,1,2023-04-17
SYN-0108,57,F,Private,Other/Unknown,51-65,0,1.0,19,9,0,11,0,1,0.229,Moderate,0,2023-04-18
SYN-0109,30,M,Medicaid,Black/AA,18-50,4,5.6,4,6,2,5,1,0,0.6080000000000001,Higher,1,2023-04-19
SYN-0110,68,M,Private,Asian,66-75,4,1.2,16,0,7,3,0,1,0.629,Higher,1,2023-04-20
SYN-0111,37,F,Other,White,18-50,2,6.3,15,6,6,14,0,0,0.4875,Higher,1,2023-04-21
SYN-0112,52,F,Other,Other/Unknown,51-65,4,1.1,10,0,9,7,0,1,0.6685000000000001,Higher,1,2023-04-22
SYN-0113,67,F,Other,Other/Unknown,66-75,1,3.6,9,1,4,19,1,1,0.478,Higher,1,2023-04-23
SYN-0114,84,F,Medicare,Asian,76-85,1,14.0,5,8,8,12,0,0,0.506,Higher,1,2023-04-24
SYN-0115,67,F,Other,Hispanic,66-75,3,6.8,19,5,5,2,0,0,0.511,Higher,1,2023-04-25
SYN-0116,31,F,Other,Other/Unknown,18-50,0,2.4,4,4,0,4,0,0,0.178,Lower,0,2023-04-26
SYN-0117,65,F,Other,Hispanic,51-65,1,4.5,7,6,6,11,0,0,0.3865,Moderate,1,2023-04-27
SYN-0118,55,M,Medicare,Black/AA,51-65,0,1.7,4,3,4,15,1,0,0.33849999999999997,Moderate,1,2023-04-28
SYN-0119,26,M,Medicare,Other/Unknown,18-50,4,3.2,4,0,5,15,0,1,0.651,Higher,1,2023-04-29
SYN-0120,37,M,Medicare,Asian,18-50,2,8.0,10,4,3,2,0,0,0.40299999999999997,Higher,1,2023-04-30
SYN-0121,68,F,Other,White,66-75,2,3.5,5,2,1,5,0,0,0.36850000000000005,Moderate,1,2023-05-01
SYN-0122,88,M,Medicaid,White,85+,3,4.2,19,5,0,8,0,0,0.48900000000000005,Higher,1,2023-05-02
SYN-0123,78,M,Other,Black/AA,76-85,4,6.4,8,5,6,3,1,1,0.72,Higher,1,2023-05-03
SYN-0124,62,M,Medicare,Black/AA,51-65,2,3.1,14,8,4,16,0,0,0.4495,Higher,1,2023-05-04
SYN-0125,64,F,Medicare,Asian,51-65,4,2.6,5,8,8,2,1,0,0.671,Higher,1,2023-05-05
SYN-0126,51,F,Private,Hispanic,51-65,0,2.3,9,8,8,2,0,1,0.3195,Moderate,1,2023-05-06
SYN-0127,71,M,Private,Black/AA,66-75,1,6.1,6,1,0,18,0,0,0.3445,Moderate,1,2023-05-07
SYN-0128,56,M,Medicare,Hispanic,51-65,2,7.4,11,8,5,7,1,0,0.51,Higher,1,2023-05-08
SYN-0129,79,M,Medicare,White,76-85,4,1.7,8,5,11,4,1,1,0.7775000000000001,Higher,1,2023-05-09
SYN-0130,84,M,Other,Other/Unknown,76-85,0,3.3,7,0,5,19,0,1,0.3855,Moderate,1,2023-05-10
SYN-0131,34,F,Medicare,Other/Unknown,18-50,4,7.3,8,4,10,3,0,1,0.6985,Higher,1,2023-05-11
SYN-0132,47,F,Private,Hispanic,18-50,0,6.1,16,0,9,12,1,0,0.4235,Higher,1,2023-05-12
SYN-0133,43,F,Medicare,Hispanic,18-50,3,1.0,11,9,3,5,1,1,0.55,Higher,1,2023-05-13
SYN-0134,34,M,Medicaid,Asian,18-50,3,2.8,13,1,11,12,0,1,0.647,Higher,1,2023-05-14
SYN-0135,67,F,Medicaid,Black/AA,66-75,2,4.5,11,1,1,13,0,1,0.4335,Higher,1,2023-05-15
SYN-0136,83,F,Private,Black/AA,76-85,3,7.7,15,4,6,15,0,0,0.6145,Higher,1,2023-05-16
SYN-0137,72,M,Medicaid,White,66-75,3,4.4,17,5,1,14,0,0,0.49700000000000005,Higher,1,2023-05-17
SYN-0138,67,M,Medicare,Asian,66-75,2,2.3,7,4,5,5,1,0,0.48050000000000004,Higher,1,2023-05-18
SYN-0139,72,F,Medicare,Other/Unknown,66-75,3,1.3,17,3,9,3,0,0,0.5575000000000001,Higher,1,2023-05-19
SYN-0140,68,M,Private,Black/AA,66-75,0,3.5,3,7,1,5,0,0,0.2085,Moderate,0,2023-05-20
SYN-0141,87,M,Medicaid,Asian,85+,2,8.5,15,9,6,12,1,0,0.5945,Higher,1,2023-05-21
SYN-0142,88,M,Medicaid,Hispanic,85+,2,4.8,8,5,0,10,0,0,0.42,Higher,1,2023-05-22
SYN-0143,36,F,Medicaid,Other/Unknown,18-50,4,4.4,7,3,10,10,0,0,0.682,Higher,1,2023-05-23
SYN-0144,40,F,Medicare,Asian,18-50,2,5.0,18,3,10,18,0,0,0.5569999999999999,Higher,1,2023-05-24
SYN-0145,31,M,Private,Black/AA,18-50,2,3.9,14,2,7,12,1,1,0.5725,Higher,1,2023-05-25
SYN-0146,51,M,Medicaid,Asian,51-65,1,13.3,5,2,10,11,1,1,0.5805,Higher,1,2023-05-26
SYN-0147,33,M,Medicare,Other/Unknown,18-50,4,3.0,14,7,7,2,0,0,0.598,Higher,1,2023-05-27
SYN-0148,35,F,Private,Asian,18-50,0,4.2,9,8,11,5,1,1,0.44599999999999995,Higher,1,2023-05-28
SYN-0149,41,M,Medicaid,Hispanic,18-50,1,11.6,5,6,5,2,0,1,0.401,Higher,1,2023-05-29
SYN-0150,60,F,Medicare,White,51-65,1,6.2,10,7,7,0,0,0,0.366,Moderate,1,2023-05-30
SYN-0151,69,M,Private,Asian,66-75,3,5.1,7,3,3,9,0,1,0.5345000000000001,Higher,1,2023-05-31
SYN-0152,47,M,Private,Other/Unknown,18-50,1,6.2,15,9,9,18,0,0,0.468,Higher,1,2023-06-01
SYN-0153,35,M,Private,Black/AA,18-50,2,9.6,6,1,6,17,1,1,0.6060000000000001,Higher,1,2023-06-02
SYN-0154,29,F,Private,Other/Unknown,18-50,2,1.0,2,0,5,17,1,0,0.518,Higher,1,2023-06-03
SYN-0155,47,M,Medicare,Hispanic,18-50,0,2.4,2,8,3,16,0,0,0.271,Moderate,0,2023-06-04
SYN-0156,50,F,Medicaid,Black/AA,18-50,2,2.8,15,3,9,4,0,1,0.505,Higher,1,2023-06-05
SYN-0157,51,M,Medicare,White,51-65,1,2.1,13,7,11,2,1,1,0.5035,Higher,1,2023-06-06
SYN-0158,78,M,Other,Other/Unknown,76-85,0,5.1,8,9,7,3,0,0,0.3185,Moderate,1,2023-06-07
SYN-0159,87,M,Private,Asian,85+,4,2.3,12,2,5,13,1,0,0.7125000000000001,Higher,1,2023-06-08
SYN-0160,60,M,Private,Black/AA,51-65,1,10.9,16,4,0,10,0,1,0.3544999999999999,Moderate,1,2023-06-09
SYN-0161,43,M,Private,White,18-50,2,3.2,2,8,4,11,0,1,0.45999999999999996,Higher,1,2023-06-10
SYN-0162,45,M,Other,Asian,18-50,2,14.7,11,8,0,7,1,0,0.47150000000000003,Higher,1,2023-06-11
SYN-0163,75,M,Medicare,Hispanic,66-75,0,3.5,2,4,9,9,0,1,0.38850000000000007,Moderate,1,2023-06-12
SYN-0164,63,M,Private,White,51-65,2,7.9,4,0,2,17,1,1,0.5375,Higher,1,2023-06-13
SYN-0165,30,M,Medicaid,Other/Unknown,18-50,0,5.6,4,3,4,7,1,1,0.356,Moderate,1,2023-06-14
SYN-0166,64,M,Medicaid,Asian,51-65,2,17.8,4,0,11,13,1,1,0.7060000000000002,Higher,1,2023-06-15
SYN-0167,51,M,Medicare,Black/AA,51-65,0,7.5,19,7,1,16,0,0,0.2665,Moderate,0,2023-06-16
SYN-0168,51,F,Medicaid,Hispanic,51-65,0,9.4,7,0,6,18,1,0,0.41900000000000004,Higher,1,2023-06-17
SYN-0169,59,F,Medicaid,Black/AA,51-65,2,7.4,19,3,9,7,0,1,0.54,Higher,1,2023-06-18
SYN-0170,37,M,Other,Asian,18-50,4,2.2,2,0,7,11,0,1,0.66,Higher,1,2023-06-19
SYN-0171,49,M,Medicaid,Black/AA,18-50,4,5.8,14,3,9,6,0,0,0.658,Higher,1,2023-06-20
SYN-0172,67,M,Private,Asian,66-75,1,6.1,11,9,4,1,1,1,0.4185,Higher,1,2023-06-21
SYN-0173,87,F,Other,White,85+,1,2.5,15,5,9,15,1,0,0.5415,Higher,1,2023-06-22
SYN-0174,63,M,Other,White,51-65,0,1.8,13,6,11,16,0,0,0.38799999999999996,Moderate,1,2023-06-23
SYN-0175,65,M,Medicaid,Black/AA,51-65,0,2.6,18,5,0,0,0,0,0.163,Lower,0,2023-06-24
SYN-0176,55,F,Medicare,Black/AA,51-65,2,1.5,1,9,3,17,0,0,0.4305,Higher,1,2023-06-25
SYN-0177,68,F,Other,Other/Unknown,66-75,0,17.1,3,4,2,10,0,0,0.31149999999999994,Moderate,1,2023-06-26
SYN-0178,37,M,Medicare,Hispanic,18-50,4,2.8,12,5,4,2,0,1,0.5820000000000001,Higher,1,2023-06-27
SYN-0179,66,F,Other,Black/AA,66-75,4,2.7,18,4,11,7,0,1,0.7085,Higher,1,2023-06-28
SYN-0180,79,M,Medicaid,Asian,76-85,0,4.6,6,7,10,1,0,1,0.385,Moderate,1,2023-06-29
SYN-0181,62,F,Private,Other/Unknown,51-65,0,5.0,3,3,9,12,1,1,0.44799999999999995,Higher,1,2023-06-30
SYN-0182,38,M,Medicare,Other/Unknown,18-50,2,3.3,3,4,4,3,0,1,0.4285,Higher,1,2023-07-01
SYN-0183,51,M,Medicaid,Black/AA,51-65,4,1.5,12,6,11,17,0,1,0.7404999999999999,Higher,1,2023-07-02
SYN-0184,27,M,Medicaid,Other/Unknown,18-50,1,1.5,11,2,8,10,0,1,0.4275,Higher,1,2023-07-03
SYN-0185,74,M,Other,Other/Unknown,66-75,4,2.3,6,0,0,16,1,0,0.6234999999999999,Higher,1,2023-07-04
SYN-0186,61,F,Private,Black/AA,51-65,3,7.6,8,9,0,3,0,1,0.47,Higher,1,2023-07-05
SYN-0187,37,F,Other,Black/AA,18-50,4,1.7,13,8,1,14,0,0,0.5495,Higher,1,2023-07-06
SYN-0188,86,F,Medicaid,Asian,85+,3,10.0,3,3,6,7,0,0,0.6000000000000001,Higher,1,2023-07-07
SYN-0189,74,F,Medicare,Hispanic,66-75,2,4.9,17,3,3,7,0,1,0.4555,Higher,1,2023-07-08
SYN-0190,75,M,Medicaid,Other/Unknown,66-75,3,17.4,9,8,7,1,1,1,0.696,Higher,1,2023-07-09
SYN-0191,78,M,Medicare,Other/Unknown,76-85,1,2.6,13,9,10,19,1,1,0.5850000000000001,Higher,1,2023-07-10
SYN-0192,29,F,Private,Other/Unknown,18-50,0,3.4,4,3,10,5,0,1,0.367,Moderate,1,2023-07-11
SYN-0193,81,M,Medicaid,Asian,76-85,3,3.8,12,9,1,6,1,1,0.5700000000000001,Higher,1,2023-07-12
SYN-0194,86,M,Medicare,Asian,85+,4,13.8,8,1,6,8,0,0,0.703,Higher,1,2023-07-13
SYN-0195,35,F,Medicare,Hispanic,18-50,2,1.2,15,7,10,3,0,1,0.508,Higher,1,2023-07-14
SYN-0196,57,F,Other,Hispanic,51-65,2,3.9,10,9,5,5,0,1,0.4545,Higher,1,2023-07-15
SYN-0197,88,M,Medicaid,Hispanic,85+,0,12.7,5,2,8,12,1,0,0.4875,Higher,1,2023-07-16
SYN-0198,83,F,Medicaid,Asian,76-85,1,1.5,10,8,9,14,0,1,0.49450000000000005,Higher,1,2023-07-17
SYN-0199,37,F,Medicaid,Hispanic,18-50,4,5.9,6,3,5,13,0,0,0.6265000000000001,Higher,1,2023-07-18
SYN-0200,52,M,Medicaid,White,51-65,3,3.0,16,0,8,9,1,0,0.621,Higher,1,2023-07-19
